{
  "Defaults": {
    "IndividualAttributes": {
      "MigrationHeterogeneityDistribution1": 1,
      "MigrationHeterogeneityDistribution2": 0,
      "MigrationHeterogeneityDistributionFlag": 0,
      "MortalityDistribution": {
        "AxisNames": [
          "gender",
          "age"
        ],
        "AxisScaleFactors": [
          1,
          365
        ],
        "AxisUnits": [
          "male=0,female=1",
          "years"
        ],
        "NumDistributionAxes": 2,
        "NumPopulationGroups": [
          2,
          1
        ],
        "PopulationGroups": [
          [
            0,
            1
          ],
          [
            0
          ]
        ],
        "ResultScaleFactor": 2.74E-06,
        "ResultUnits": "annual deaths per 1000 individuals",
        "ResultValues": [
          [
            31.046999999999997
          ],
          [
            31.046999999999997
          ]
        ]
      },
      "PrevalenceDistribution1": 0.13,
      "PrevalenceDistribution2": 0.15,
      "PrevalenceDistributionFlag": 1,
      "RiskDistribution1": 1,
      "RiskDistribution2": 0,
      "RiskDistributionFlag": 0,
      "SusceptibilityDistribution1": 1,
      "SusceptibilityDistribution2": 0,
      "SusceptibilityDistributionFlag": 0
    },
    "NodeAttributes": {
      "AbovePoverty": 0.5,
      "Airport": 0,
      "Altitude": 0,
      "BirthRateSource": "World Bank",
      "CountryBirthRate": 31.046999999999997,
      "Region": 1,
      "Seaport": 0,
      "Urban": 0,
      "World Bank Year": "2016"
    }
  },
  "Metadata": {
    "Author": "idm",
    "DateCreated": "2022-08-02 16:08:11.903371",
    "IdReference": "Custom user",
    "NodeCount": 1,
    "Resolution": 30,
    "Tool": "dtk-tools"
  },
  "Nodes": [
    {
      "IndividualAttributes": {
        "AgeDistribution": {
          "DistributionValues": [
            [
              0.0,
              0.0766717728713301,
              0.14772879760466287,
              0.21358223023393028,
              0.2746131200047523,
              0.33111364403030535,
              0.38353665980282209,
              0.432120685248818,
              0.47714684160295556,
              0.518875665062469,
              0.55754850780847387,
              0.59338877723847672,
              0.62660442758439749,
              0.65735452519111925,
              0.68588589186621118,
              0.7123277103966793,
              0.73683288258001045,
              0.75954351528410946,
              0.780591018957079,
              0.800097181541827,
              0.81817477372888436,
              0.83491028330945061,
              0.85043828979625224,
              0.86482915963412221,
              0.8781661633383564,
              0.89052637207555063,
              0.90198133036960193,
              0.91259742957711032,
              0.92243609766441559,
              0.93154445825720178,
              0.93999551509038437,
              0.947827647094087,
              0.95508622321113268,
              0.96181324381102806,
              0.96804763379064918,
              0.97382540428717845,
              0.9791800317745043,
              0.98413719179799941,
              0.98873667675045018,
              0.9929993337785985,
              0.996949774061514,
              0.99999999999999956,
              0.99999999999999956,
              0.99999999999999956,
              0.99999999999999956,
              0.99999999999999956,
              0.99999999999999956,
              0.99999999999999956,
              0.99999999999999956,
              0.99999999999999956
            ]
          ],
          "ResultScaleFactor": 1,
          "ResultValues": [
            [
              0.0,
              894.0,
              1788.0,
              2682.0,
              3576.0,
              4469.0,
              5363.0,
              6257.0,
              7151.0,
              8045.0,
              8939.0,
              9833.0,
              10727.0,
              11620.0,
              12514.0,
              13408.0,
              14302.0,
              15196.0,
              16090.0,
              16984.0,
              17878.0,
              18771.0,
              19665.0,
              20559.0,
              21453.0,
              22347.0,
              23241.0,
              24135.0,
              25029.0,
              25922.0,
              26816.0,
              27710.0,
              28604.0,
              29498.0,
              30392.0,
              31286.0,
              32180.0,
              33073.0,
              33967.0,
              34861.0,
              35755.0,
              36649.0,
              37543.0,
              38437.0,
              39331.0,
              40224.0,
              41118.0,
              42012.0,
              42906.0,
              43800.0
            ]
          ]
        }
      },
      "NodeAttributes": {
        "BirthRate": 0.085060273972602726,
        "InitialPopulation": 1000,
        "Latitude": 5.7607592959417682,
        "Longitude": -0.44734151194565508,
        "repDS": "GHA_ecozone3"
      },
      "NodeID": 1
    }
  ]
}