repDS,Constant,MaxHab,Month1,Month2,Month3,Month4,Month5,Month6,Month7,Month8,Month9,Month10,Month11,Month12,pop_scale
GHA_ecozone1,8.054,11.4094,0.0001,0.0001,0.0001,0,0,0.0001,0.0003,0.000176136,0.000793843,0.0001,0,0.0001,0.15
GHA_ecozone2,8.2914,11.76056,0.0001,0.0001,0.0001,0,0,0.0001,0.001410864,0.0001,0.001,0.0001,0,0.0001,0.15
GHA_ecozone3,8.37096,11.3951,0.001,0.0001,0.0001,0,0,0.0001,0.003,0.001,0.002831541,0.00047063,0,0.0002,0.15
